Season,La Liga,Serie A,Ligue 1
1966-67,Waldo - Valencia - 24,Gigi Riva - Cagliari - 18,Hervé Revelli - Saint-Étienne - 31
1967-68,Fidel Uriarte - Athletic Bilbao - 22,Pierino Prati - AC Milan - 15,Étienne Sansonetti - Ajaccio - 26
1968-69,Amancio / Gárate - 14,Gigi Riva - Cagliari - 21,André Guy - Lyon - 25
1969-70,Amancio / Luis Aragonés / Gárate - 16,Gigi Riva - Cagliari - 21,Hervé Revelli - Saint-Étienne - 28
1970-71,Gárate / Rexach - 17,Roberto Boninsegna - Inter - 24,Josip Skoblar - Marseille - 44
1971-72,Enrique Porta - Granada - 20,Roberto Boninsegna - Inter - 22,Josip Skoblar - Marseille - 30
1972-73,Marianín - Oviedo - 19,Savoldi / Pulici / Rivera - 17,Josip Skoblar - Marseille - 26
1973-74,Quini - Sporting Gijón - 20,Giorgio Chinaglia - Lazio - 24,Carlos Bianchi - Reims - 30
1974-75,Carlos - Athletic Bilbao - 19,Paolo Pulici - Torino - 18,Delio Onnis - Monaco - 30
1975-76,Quini - Sporting Gijón - 21,Paolo Pulici - Torino - 21,Carlos Bianchi - Reims - 34
1976-77,Mario Kempes - Valencia - 24,Francesco Graziani - Torino - 21,Carlos Bianchi - Reims - 28
1977-78,Mario Kempes - Valencia - 28,Paolo Rossi - Vicenza - 24,Carlos Bianchi - PSG - 37
1978-79,Hans Krankl - Barcelona - 29,Bruno Giordano - Lazio - 19,Carlos Bianchi - PSG - 27
1979-80,Quini - Sporting Gijón - 24,Roberto Bettega - Juventus - 16,Kostedde / Onnis - 21
1980-81,Quini - Barcelona - 20,Roberto Pruzzo - Roma - 18,Delio Onnis - Tours - 24
1981-82,Quini - Barcelona - 27,Roberto Pruzzo - Roma - 15,Delio Onnis - Tours - 29
1982-83,Poli Rincón - Real Betis - 20,Michel Platini - Juventus - 16,Vahid Halilhodžić - Nantes - 27
1983-84,Jorge da Silva / Juanito - 17,Michel Platini - Juventus - 20,Garande / Onnis - 21
1984-85,Hugo Sánchez - Atlético Madrid - 19,Michel Platini - Juventus - 18,Vahid Halilhodžić - Nantes - 28
1985-86,Hugo Sánchez - Real Madrid - 22,Roberto Pruzzo - Roma - 19,Jules Bocandé - Metz - 23
1986-87,Hugo Sánchez - Real Madrid - 34,Pietro Paolo Virdis - AC Milan - 17,Bernard Zénier - Metz - 18
1987-88,Hugo Sánchez - Real Madrid - 29,Diego Maradona - Napoli - 15,Jean-Pierre Papin - Marseille - 19
1988-89,Baltazar - Atlético Madrid - 35,Aldo Serena - Inter - 22,Jean-Pierre Papin - Marseille - 22
1989-90,Hugo Sánchez - Real Madrid - 38,Marco van Basten - AC Milan - 19,Jean-Pierre Papin - Marseille - 30
1990-91,Emilio Butragueño - Real Madrid - 19,Gianluca Vialli - Sampdoria - 19,Jean-Pierre Papin - Marseille - 23
1991-92,Manolo - Atlético Madrid - 27,Marco van Basten - AC Milan - 25,Jean-Pierre Papin - Marseille - 27
1992-93,Bebeto - Deportivo - 29,Giuseppe Signori - Lazio - 26,Alen Bokšić - Marseille - 23
1993-94,Romário - Barcelona - 30,Giuseppe Signori - Lazio - 23,Boli / Djorkaeff / Ouédec - 20
1994-95,Iván Zamorano - Real Madrid - 28,Gabriel Batistuta - Fiorentina - 26,Patrice Loko - Nantes - 22
1995-96,Juan Antonio Pizzi - Tenerife - 31,Protti / Signori - 24,Sonny Anderson - Monaco - 21
1996-97,Ronaldo - Barcelona - 34,Filippo Inzaghi - Atalanta - 24,Stéphane Guivarc'h - Rennes - 21
1997-98,Christian Vieri - Atlético Madrid - 24,Oliver Bierhoff - Udinese - 27,Stéphane Guivarc'h - Auxerre - 21
1998-99,Raúl - Real Madrid - 25,Márcio Amoroso - Udinese - 22,Sylvain Wiltord - Bordeaux - 22
1999-00,Salva Ballesta - Racing Santander - 27,Andriy Shevchenko - AC Milan - 24,Sonny Anderson - Lyon - 23
2000-01,Raúl - Real Madrid - 24,Hernán Crespo - Lazio - 26,Sonny Anderson - Lyon - 22
2001-02,Diego Tristán - Deportivo - 20,Trezeguet / Hübner - 24,Cissé / Pauleta - 22
2002-03,Roy Makaay - Deportivo - 29,Christian Vieri - Inter - 24,Shabani Nonda - Monaco - 26
2003-04,Ronaldo - Real Madrid - 24,Andriy Shevchenko - AC Milan - 24,Djibril Cissé - Auxerre - 26
2004-05,Forlán / Eto'o - 25,Cristiano Lucarelli - Livorno - 24,Alexander Frei - Rennes - 20
2005-06,Samuel Eto'o - Barcelona - 26,Luca Toni - Fiorentina - 31,Pauleta - PSG - 21
2006-07,Ruud van Nistelrooy - Real Madrid - 25,Francesco Totti - Roma - 26,Pauleta - PSG - 15
2007-08,Dani Güiza - Mallorca - 27,Alessandro Del Piero - Juventus - 21,Karim Benzema - Lyon - 20
2008-09,Diego Forlán - Atlético Madrid - 32,Zlatan Ibrahimović - Inter - 25,André-Pierre Gignac - Toulouse - 24
2009-10,Lionel Messi - Barcelona - 34,Antonio Di Natale - Udinese - 29,Mamadou Niang - Marseille - 18
2010-11,Cristiano Ronaldo - Real Madrid - 40,Antonio Di Natale - Udinese - 28,Moussa Sow - Lille - 25
2011-12,Lionel Messi - Barcelona - 50,Zlatan Ibrahimović - AC Milan - 28,Giroud / Nenê - 21
2012-13,Lionel Messi - Barcelona - 46,Edinson Cavani - Napoli - 29,Zlatan Ibrahimović - PSG - 30
2013-14,Cristiano Ronaldo - Real Madrid - 31,Ciro Immobile - Torino - 22,Zlatan Ibrahimović - PSG - 26
2014-15,Cristiano Ronaldo - Real Madrid - 48,Icardi / Luca Toni - 22,Alexandre Lacazette - Lyon - 27
2015-16,Luis Suárez - Barcelona - 40,Gonzalo Higuaín - Napoli - 36,Zlatan Ibrahimović - PSG - 38
2016-17,Lionel Messi - Barcelona - 37,Edin Džeko - Roma - 29,Edinson Cavani - PSG - 35
2017-18,Lionel Messi - Barcelona - 34,Icardi / Immobile - 29,Edinson Cavani - PSG - 28
2018-19,Lionel Messi - Barcelona - 36,Fabio Quagliarella - Sampdoria - 26,Kylian Mbappé - PSG - 33
2019-20,Lionel Messi - Barcelona - 25,Ciro Immobile - Lazio - 36,Ben Yedder / Mbappé - 18
2020-21,Lionel Messi - Barcelona - 30,Cristiano Ronaldo - Juventus - 29,Kylian Mbappé - PSG - 27
2021-22,Karim Benzema - Real Madrid - 27,Ciro Immobile - Lazio - 27,Kylian Mbappé - PSG - 28
2022-23,Robert Lewandowski - Barcelona - 23,Victor Osimhen - Napoli - 26,Kylian Mbappé - PSG - 29
2023-24,Artem Dovbyk - Girona - 24,Lautaro Martínez - Inter - 24,Kylian Mbappé - PSG - 27
2024-25,Kylian Mbappé - Real Madrid - 31,Mateo Retegui - Atalanta - 25,Ousmane Dembélé - PSG - 21